team1,name,team2,team3,team4,team5,team6,team7,team8,team9,team10,team11,team12,team13,team14,team15,team16,team17,team18,team19,team20,team21,team22,team23,team24,cost
2000,Abilene Chrstn,2000,2000,2000,2000,2000,2000,2000,2000,2000,2000,2000,2000,2000,2000,2000,2000,2000,2000,2000,2000,2000,2000,2000,14
2005,Air Force,2005,2005,2005,2005,2005,2005,2005,2005,2005,2005,2005,2005,2005,2005,2005,2005,2005,2005,2005,2005,2005,2005,2005,NA
2006,Akron,2006,2006,2006,2006,2006,2006,2006,2006,2006,2006,2006,2006,2006,2006,2006,2006,2006,2006,2006,2006,2006,2006,2006,NA
2010,Alabama A&M,2010,2010,2010,2010,2010,2010,2010,2010,2010,2010,2010,2010,2010,2010,2010,2010,2010,2010,2010,2010,2010,2010,2010,NA
333,Alabama,333,333,333,333,333,333,333,333,333,333,333,333,333,333,333,333,333,333,333,333,333,333,333,2
2011,Alabama St,2011,2011,2011,2011,2011,2011,2011,2011,2011,2011,2011,2011,2011,2011,2011,2011,2011,2011,2011,2011,2011,2011,2011,NA
399,Albany,399,399,399,399,399,399,399,399,399,399,399,399,399,399,399,399,399,399,399,399,399,399,399,NA
2016,Alcorn St,2016,2016,2016,2016,2016,2016,2016,2016,2016,2016,2016,2016,2016,2016,2016,2016,2016,2016,2016,2016,2016,2016,2016,NA
44,American,44,44,44,44,44,44,44,44,44,44,44,44,44,44,44,44,44,44,44,44,44,44,44,NA
2026,Appalachian St,2026,2026,2026,2026,2026,2026,2026,2026,2026,2026,2026,2026,2026,2026,2026,2026,2026,2026,2026,2026,2026,2026,2026,NA
9,Arizona St,9,9,9,9,9,9,9,9,9,9,9,9,9,9,9,9,9,9,9,9,9,9,9,NA
12,Arizona,12,12,12,12,12,12,12,12,12,12,12,12,12,12,12,12,12,12,12,12,12,12,12,NA
8,Arkansas,8,8,8,8,8,8,8,8,8,8,8,8,8,8,8,8,8,8,8,8,8,8,8,3
2032,Arkansas St,2032,2032,2032,2032,2032,2032,2032,2032,2032,2032,2032,2032,2032,2032,2032,2032,2032,2032,2032,2032,2032,2032,2032,NA
2029,AR-Pine Bluff,2029,2029,2029,2029,2029,2029,2029,2029,2029,2029,2029,2029,2029,2029,2029,2029,2029,2029,2029,2029,2029,2029,2029,NA
349,Army,349,349,349,349,349,349,349,349,349,349,349,349,349,349,349,349,349,349,349,349,349,349,349,NA
2,Auburn,2,2,2,2,2,2,2,2,2,2,2,2,2,2,2,2,2,2,2,2,2,2,2,NA
2046,Austin Peay,2046,2046,2046,2046,2046,2046,2046,2046,2046,2046,2046,2046,2046,2046,2046,2046,2046,2046,2046,2046,2046,2046,2046,NA
252,BYU,252,252,252,252,252,252,252,252,252,252,252,252,252,252,252,252,252,252,252,252,252,252,252,6
2050,Ball State,2050,2050,2050,2050,2050,2050,2050,2050,2050,2050,2050,2050,2050,2050,2050,2050,2050,2050,2050,2050,2050,2050,2050,NA
239,Baylor,239,239,239,239,239,239,239,239,239,239,239,239,239,239,239,239,239,239,239,239,239,239,239,1
91,Bellarmine,91,91,91,91,91,91,91,91,91,91,91,91,91,91,91,91,91,91,91,91,91,91,91,NA
2057,Belmont,2057,2057,2057,2057,2057,2057,2057,2057,2057,2057,2057,2057,2057,2057,2057,2057,2057,2057,2057,2057,2057,2057,2057,NA
2065,Bethune,2065,2065,2065,2065,2065,2065,2065,2065,2065,2065,2065,2065,2065,2065,2065,2065,2065,2065,2065,2065,2065,2065,2065,NA
2066,Binghamton,2066,2066,2066,2066,2066,2066,2066,2066,2066,2066,2066,2066,2066,2066,2066,2066,2066,2066,2066,2066,2066,2066,2066,NA
68,Boise St,68,68,68,68,68,68,68,68,68,68,68,68,68,68,68,68,68,68,68,68,68,68,68,NA
103,Boston College,103,103,103,103,103,103,103,103,103,103,103,103,103,103,103,103,103,103,103,103,103,103,103,NA
104,Boston Univ,104,104,104,104,104,104,104,104,104,104,104,104,104,104,104,104,104,104,104,104,104,104,104,NA
189,Bowling Green,189,189,189,189,189,189,189,189,189,189,189,189,189,189,189,189,189,189,189,189,189,189,189,NA
71,Bradley,71,71,71,71,71,71,71,71,71,71,71,71,71,71,71,71,71,71,71,71,71,71,71,NA
225,Brown,225,225,225,225,225,225,225,225,225,225,225,225,225,225,225,225,225,225,225,225,225,225,225,NA
2803,Bryant,2803,2803,2803,2803,2803,2803,2803,2803,2803,2803,2803,2803,2803,2803,2803,2803,2803,2803,2803,2803,2803,2803,2803,NA
2083,Bucknell,2083,2083,2083,2083,2083,2083,2083,2083,2083,2083,2083,2083,2083,2083,2083,2083,2083,2083,2083,2083,2083,2083,2083,NA
2084,Buffalo,2084,2084,2084,2084,2084,2084,2084,2084,2084,2084,2084,2084,2084,2084,2084,2084,2084,2084,2084,2084,2084,2084,2084,NA
2086,Butler,2086,2086,2086,2086,2086,2086,2086,2086,2086,2086,2086,2086,2086,2086,2086,2086,2086,2086,2086,2086,2086,2086,2086,NA
13,Cal Poly,13,13,13,13,13,13,13,13,13,13,13,13,13,13,13,13,13,13,13,13,13,13,13,NA
2934,Bakersfield,2934,2934,2934,2934,2934,2934,2934,2934,2934,2934,2934,2934,2934,2934,2934,2934,2934,2934,2934,2934,2934,2934,2934,NA
2239,Fullerton,2239,2239,2239,2239,2239,2239,2239,2239,2239,2239,2239,2239,2239,2239,2239,2239,2239,2239,2239,2239,2239,2239,2239,NA
2463,CSU Northridge,2463,2463,2463,2463,2463,2463,2463,2463,2463,2463,2463,2463,2463,2463,2463,2463,2463,2463,2463,2463,2463,2463,2463,NA
2856,CA Baptist,2856,2856,2856,2856,2856,2856,2856,2856,2856,2856,2856,2856,2856,2856,2856,2856,2856,2856,2856,2856,2856,2856,2856,NA
25,California,25,25,25,25,25,25,25,25,25,25,25,25,25,25,25,25,25,25,25,25,25,25,25,NA
2097,Campbell,2097,2097,2097,2097,2097,2097,2097,2097,2097,2097,2097,2097,2097,2097,2097,2097,2097,2097,2097,2097,2097,2097,2097,NA
2099,Canisius,2099,2099,2099,2099,2099,2099,2099,2099,2099,2099,2099,2099,2099,2099,2099,2099,2099,2099,2099,2099,2099,2099,2099,NA
2110,C Arkansas,2110,2110,2110,2110,2110,2110,2110,2110,2110,2110,2110,2110,2110,2110,2110,2110,2110,2110,2110,2110,2110,2110,2110,NA
2115,C Connecticut,2115,2115,2115,2115,2115,2115,2115,2115,2115,2115,2115,2115,2115,2115,2115,2115,2115,2115,2115,2115,2115,2115,2115,NA
2117,C Michigan,2117,2117,2117,2117,2117,2117,2117,2117,2117,2117,2117,2117,2117,2117,2117,2117,2117,2117,2117,2117,2117,2117,2117,NA
232,Charleston,232,232,232,232,232,232,232,232,232,232,232,232,232,232,232,232,232,232,232,232,232,232,232,NA
2127,Charleston So,2127,2127,2127,2127,2127,2127,2127,2127,2127,2127,2127,2127,2127,2127,2127,2127,2127,2127,2127,2127,2127,2127,2127,NA
2429,Charlotte,2429,2429,2429,2429,2429,2429,2429,2429,2429,2429,2429,2429,2429,2429,2429,2429,2429,2429,2429,2429,2429,2429,2429,NA
236,Chattanooga,236,236,236,236,236,236,236,236,236,236,236,236,236,236,236,236,236,236,236,236,236,236,236,NA
2130,Chicago St,2130,2130,2130,2130,2130,2130,2130,2130,2130,2130,2130,2130,2130,2130,2130,2130,2130,2130,2130,2130,2130,2130,2130,NA
2132,Cincinnati,2132,2132,2132,2132,2132,2132,2132,2132,2132,2132,2132,2132,2132,2132,2132,2132,2132,2132,2132,2132,2132,2132,2132,NA
228,Clemson,228,228,228,228,228,228,228,228,228,228,228,228,228,228,228,228,228,228,228,228,228,228,228,7
325,Cleveland St,325,325,325,325,325,325,325,325,325,325,325,325,325,325,325,325,325,325,325,325,325,325,325,15
324,Coast Car,324,324,324,324,324,324,324,324,324,324,324,324,324,324,324,324,324,324,324,324,324,324,324,NA
2142,Colgate,2142,2142,2142,2142,2142,2142,2142,2142,2142,2142,2142,2142,2142,2142,2142,2142,2142,2142,2142,2142,2142,2142,2142,14
38,Colorado,38,38,38,38,38,38,38,38,38,38,38,38,38,38,38,38,38,38,38,38,38,38,38,5
36,Colorado St,36,36,36,36,36,36,36,36,36,36,36,36,36,36,36,36,36,36,36,36,36,36,36,NA
171,Columbia,171,171,171,171,171,171,171,171,171,171,171,171,171,171,171,171,171,171,171,171,171,171,171,NA
2154,Coppin St,2154,2154,2154,2154,2154,2154,2154,2154,2154,2154,2154,2154,2154,2154,2154,2154,2154,2154,2154,2154,2154,2154,2154,NA
172,Cornell,172,172,172,172,172,172,172,172,172,172,172,172,172,172,172,172,172,172,172,172,172,172,172,NA
156,Creighton,156,156,156,156,156,156,156,156,156,156,156,156,156,156,156,156,156,156,156,156,156,156,156,5
159,Dartmouth,159,159,159,159,159,159,159,159,159,159,159,159,159,159,159,159,159,159,159,159,159,159,159,NA
2166,Davidson,2166,2166,2166,2166,2166,2166,2166,2166,2166,2166,2166,2166,2166,2166,2166,2166,2166,2166,2166,2166,2166,2166,2166,NA
2168,Dayton,2168,2168,2168,2168,2168,2168,2168,2168,2168,2168,2168,2168,2168,2168,2168,2168,2168,2168,2168,2168,2168,2168,2168,NA
305,DePaul,305,305,305,305,305,305,305,305,305,305,305,305,305,305,305,305,305,305,305,305,305,305,305,NA
48,Delaware,48,48,48,48,48,48,48,48,48,48,48,48,48,48,48,48,48,48,48,48,48,48,48,NA
2169,Delaware St,2169,2169,2169,2169,2169,2169,2169,2169,2169,2169,2169,2169,2169,2169,2169,2169,2169,2169,2169,2169,2169,2169,2169,NA
2172,Denver,2172,2172,2172,2172,2172,2172,2172,2172,2172,2172,2172,2172,2172,2172,2172,2172,2172,2172,2172,2172,2172,2172,2172,NA
2174,Detroit Mercy,2174,2174,2174,2174,2174,2174,2174,2174,2174,2174,2174,2174,2174,2174,2174,2174,2174,2174,2174,2174,2174,2174,2174,NA
2181,Drake,2181,2181,2181,2181,2181,2181,2181,2181,2181,2181,2181,2181,2181,2181,2181,2181,2181,2181,2181,2181,2181,2181,2181,11
2182,Drexel,2182,2182,2182,2182,2182,2182,2182,2182,2182,2182,2182,2182,2182,2182,2182,2182,2182,2182,2182,2182,2182,2182,2182,16
150,Duke,150,150,150,150,150,150,150,150,150,150,150,150,150,150,150,150,150,150,150,150,150,150,150,NA
2184,Duquesne,2184,2184,2184,2184,2184,2184,2184,2184,2184,2184,2184,2184,2184,2184,2184,2184,2184,2184,2184,2184,2184,2184,2184,NA
151,East Carolina,151,151,151,151,151,151,151,151,151,151,151,151,151,151,151,151,151,151,151,151,151,151,151,NA
2193,ETSU,2193,2193,2193,2193,2193,2193,2193,2193,2193,2193,2193,2193,2193,2193,2193,2193,2193,2193,2193,2193,2193,2193,2193,NA
2197,E Illinois,2197,2197,2197,2197,2197,2197,2197,2197,2197,2197,2197,2197,2197,2197,2197,2197,2197,2197,2197,2197,2197,2197,2197,NA
2198,E Kentucky,2198,2198,2198,2198,2198,2198,2198,2198,2198,2198,2198,2198,2198,2198,2198,2198,2198,2198,2198,2198,2198,2198,2198,NA
2199,E Michigan,2199,2199,2199,2199,2199,2199,2199,2199,2199,2199,2199,2199,2199,2199,2199,2199,2199,2199,2199,2199,2199,2199,2199,NA
331,E Washington,331,331,331,331,331,331,331,331,331,331,331,331,331,331,331,331,331,331,331,331,331,331,331,14
2210,Elon,2210,2210,2210,2210,2210,2210,2210,2210,2210,2210,2210,2210,2210,2210,2210,2210,2210,2210,2210,2210,2210,2210,2210,NA
339,Evansville,339,339,339,339,339,339,339,339,339,339,339,339,339,339,339,339,339,339,339,339,339,339,339,NA
2217,Fairfield,2217,2217,2217,2217,2217,2217,2217,2217,2217,2217,2217,2217,2217,2217,2217,2217,2217,2217,2217,2217,2217,2217,2217,NA
161,Fair Dickinson,161,161,161,161,161,161,161,161,161,161,161,161,161,161,161,161,161,161,161,161,161,161,161,NA
50,FAMU,50,50,50,50,50,50,50,50,50,50,50,50,50,50,50,50,50,50,50,50,50,50,50,NA
2226,FAU,2226,2226,2226,2226,2226,2226,2226,2226,2226,2226,2226,2226,2226,2226,2226,2226,2226,2226,2226,2226,2226,2226,2226,NA
57,Florida,57,57,57,57,57,57,57,57,57,57,57,57,57,57,57,57,57,57,57,57,57,57,57,7
526,FGCU,526,526,526,526,526,526,526,526,526,526,526,526,526,526,526,526,526,526,526,526,526,526,526,NA
2229,FIU,2229,2229,2229,2229,2229,2229,2229,2229,2229,2229,2229,2229,2229,2229,2229,2229,2229,2229,2229,2229,2229,2229,2229,NA
52,Florida St,52,52,52,52,52,52,52,52,52,52,52,52,52,52,52,52,52,52,52,52,52,52,52,4
2230,Fordham,2230,2230,2230,2230,2230,2230,2230,2230,2230,2230,2230,2230,2230,2230,2230,2230,2230,2230,2230,2230,2230,2230,2230,NA
278,Fresno St,278,278,278,278,278,278,278,278,278,278,278,278,278,278,278,278,278,278,278,278,278,278,278,NA
231,Furman,231,231,231,231,231,231,231,231,231,231,231,231,231,231,231,231,231,231,231,231,231,231,231,NA
2241,Gardner-Webb,2241,2241,2241,2241,2241,2241,2241,2241,2241,2241,2241,2241,2241,2241,2241,2241,2241,2241,2241,2241,2241,2241,2241,NA
2244,George Mason,2244,2244,2244,2244,2244,2244,2244,2244,2244,2244,2244,2244,2244,2244,2244,2244,2244,2244,2244,2244,2244,2244,2244,NA
45,G Washington,45,45,45,45,45,45,45,45,45,45,45,45,45,45,45,45,45,45,45,45,45,45,45,NA
46,Georgetown,46,46,46,46,46,46,46,46,46,46,46,46,46,46,46,46,46,46,46,46,46,46,46,12
61,Georgia,61,61,61,61,61,61,61,61,61,61,61,61,61,61,61,61,61,61,61,61,61,61,61,NA
290,Georgia So,290,290,290,290,290,290,290,290,290,290,290,290,290,290,290,290,290,290,290,290,290,290,290,NA
2247,Georgia St,2247,2247,2247,2247,2247,2247,2247,2247,2247,2247,2247,2247,2247,2247,2247,2247,2247,2247,2247,2247,2247,2247,2247,NA
59,Georgia Tech,59,59,59,59,59,59,59,59,59,59,59,59,59,59,59,59,59,59,59,59,59,59,59,9
2250,Gonzaga,2250,2250,2250,2250,2250,2250,2250,2250,2250,2250,2250,2250,2250,2250,2250,2250,2250,2250,2250,2250,2250,2250,2250,1
2755,Grambling,2755,2755,2755,2755,2755,2755,2755,2755,2755,2755,2755,2755,2755,2755,2755,2755,2755,2755,2755,2755,2755,2755,2755,NA
2253,Grand Canyon,2253,2253,2253,2253,2253,2253,2253,2253,2253,2253,2253,2253,2253,2253,2253,2253,2253,2253,2253,2253,2253,2253,2253,15
2739,Green Bay,2739,2739,2739,2739,2739,2739,2739,2739,2739,2739,2739,2739,2739,2739,2739,2739,2739,2739,2739,2739,2739,2739,2739,NA
2261,Hampton,2261,2261,2261,2261,2261,2261,2261,2261,2261,2261,2261,2261,2261,2261,2261,2261,2261,2261,2261,2261,2261,2261,2261,NA
42,Hartford,42,42,42,42,42,42,42,42,42,42,42,42,42,42,42,42,42,42,42,42,42,42,42,16
108,Harvard,108,108,108,108,108,108,108,108,108,108,108,108,108,108,108,108,108,108,108,108,108,108,108,NA
62,Hawai'i,62,62,62,62,62,62,62,62,62,62,62,62,62,62,62,62,62,62,62,62,62,62,62,NA
2272,High Point,2272,2272,2272,2272,2272,2272,2272,2272,2272,2272,2272,2272,2272,2272,2272,2272,2272,2272,2272,2272,2272,2272,2272,NA
2275,Hofstra,2275,2275,2275,2275,2275,2275,2275,2275,2275,2275,2275,2275,2275,2275,2275,2275,2275,2275,2275,2275,2275,2275,2275,NA
107,Holy Cross,107,107,107,107,107,107,107,107,107,107,107,107,107,107,107,107,107,107,107,107,107,107,107,NA
2277,Hou Christian,2277,2277,2277,2277,2277,2277,2277,2277,2277,2277,2277,2277,2277,2277,2277,2277,2277,2277,2277,2277,2277,2277,2277,NA
248,Houston,248,248,248,248,248,248,248,248,248,248,248,248,248,248,248,248,248,248,248,248,248,248,248,2
47,Howard,47,47,47,47,47,47,47,47,47,47,47,47,47,47,47,47,47,47,47,47,47,47,47,NA
85,IUPUI,85,85,85,85,85,85,85,85,85,85,85,85,85,85,85,85,85,85,85,85,85,85,85,NA
304,Idaho St,304,304,304,304,304,304,304,304,304,304,304,304,304,304,304,304,304,304,304,304,304,304,304,NA
70,Idaho,70,70,70,70,70,70,70,70,70,70,70,70,70,70,70,70,70,70,70,70,70,70,70,NA
356,Illinois,356,356,356,356,356,356,356,356,356,356,356,356,356,356,356,356,356,356,356,356,356,356,356,1
2287,Illinois St,2287,2287,2287,2287,2287,2287,2287,2287,2287,2287,2287,2287,2287,2287,2287,2287,2287,2287,2287,2287,2287,2287,2287,NA
2916,Incarnate Word,2916,2916,2916,2916,2916,2916,2916,2916,2916,2916,2916,2916,2916,2916,2916,2916,2916,2916,2916,2916,2916,2916,2916,NA
84,Indiana,84,84,84,84,84,84,84,84,84,84,84,84,84,84,84,84,84,84,84,84,84,84,84,NA
282,Indiana St,282,282,282,282,282,282,282,282,282,282,282,282,282,282,282,282,282,282,282,282,282,282,282,NA
314,Iona,314,314,314,314,314,314,314,314,314,314,314,314,314,314,314,314,314,314,314,314,314,314,314,15
2294,Iowa,2294,2294,2294,2294,2294,2294,2294,2294,2294,2294,2294,2294,2294,2294,2294,2294,2294,2294,2294,2294,2294,2294,2294,2
66,Iowa State,66,66,66,66,66,66,66,66,66,66,66,66,66,66,66,66,66,66,66,66,66,66,66,NA
2296,Jackson St,2296,2296,2296,2296,2296,2296,2296,2296,2296,2296,2296,2296,2296,2296,2296,2296,2296,2296,2296,2296,2296,2296,2296,NA
294,Jacksonville,294,294,294,294,294,294,294,294,294,294,294,294,294,294,294,294,294,294,294,294,294,294,294,NA
55,J'Ville St,55,55,55,55,55,55,55,55,55,55,55,55,55,55,55,55,55,55,55,55,55,55,55,NA
256,James Madison,256,256,256,256,256,256,256,256,256,256,256,256,256,256,256,256,256,256,256,256,256,256,256,NA
140,Kansas City,140,140,140,140,140,140,140,140,140,140,140,140,140,140,140,140,140,140,140,140,140,140,140,NA
2305,Kansas,2305,2305,2305,2305,2305,2305,2305,2305,2305,2305,2305,2305,2305,2305,2305,2305,2305,2305,2305,2305,2305,2305,2305,3
2306,Kansas St,2306,2306,2306,2306,2306,2306,2306,2306,2306,2306,2306,2306,2306,2306,2306,2306,2306,2306,2306,2306,2306,2306,2306,NA
338,Kennesaw St,338,338,338,338,338,338,338,338,338,338,338,338,338,338,338,338,338,338,338,338,338,338,338,NA
2309,Kent State,2309,2309,2309,2309,2309,2309,2309,2309,2309,2309,2309,2309,2309,2309,2309,2309,2309,2309,2309,2309,2309,2309,2309,NA
96,Kentucky,96,96,96,96,96,96,96,96,96,96,96,96,96,96,96,96,96,96,96,96,96,96,96,NA
99,LSU,99,99,99,99,99,99,99,99,99,99,99,99,99,99,99,99,99,99,99,99,99,99,99,8
2325,La Salle,2325,2325,2325,2325,2325,2325,2325,2325,2325,2325,2325,2325,2325,2325,2325,2325,2325,2325,2325,2325,2325,2325,2325,NA
322,Lafayette,322,322,322,322,322,322,322,322,322,322,322,322,322,322,322,322,322,322,322,322,322,322,322,NA
2320,Lamar,2320,2320,2320,2320,2320,2320,2320,2320,2320,2320,2320,2320,2320,2320,2320,2320,2320,2320,2320,2320,2320,2320,2320,NA
2329,Lehigh,2329,2329,2329,2329,2329,2329,2329,2329,2329,2329,2329,2329,2329,2329,2329,2329,2329,2329,2329,2329,2329,2329,2329,NA
2335,Liberty,2335,2335,2335,2335,2335,2335,2335,2335,2335,2335,2335,2335,2335,2335,2335,2335,2335,2335,2335,2335,2335,2335,2335,13
288,Lipscomb,288,288,288,288,288,288,288,288,288,288,288,288,288,288,288,288,288,288,288,288,288,288,288,NA
2031,Little Rock,2031,2031,2031,2031,2031,2031,2031,2031,2031,2031,2031,2031,2031,2031,2031,2031,2031,2031,2031,2031,2031,2031,2031,NA
299,Long Beach St,299,299,299,299,299,299,299,299,299,299,299,299,299,299,299,299,299,299,299,299,299,299,299,NA
112358,Long Island,112358,112358,112358,112358,112358,112358,112358,112358,112358,112358,112358,112358,112358,112358,112358,112358,112358,112358,112358,112358,112358,112358,112358,NA
2344,Longwood,2344,2344,2344,2344,2344,2344,2344,2344,2344,2344,2344,2344,2344,2344,2344,2344,2344,2344,2344,2344,2344,2344,2344,NA
309,Louisiana,309,309,309,309,309,309,309,309,309,309,309,309,309,309,309,309,309,309,309,309,309,309,309,NA
2348,Louisiana Tech,2348,2348,2348,2348,2348,2348,2348,2348,2348,2348,2348,2348,2348,2348,2348,2348,2348,2348,2348,2348,2348,2348,2348,NA
97,Louisville,97,97,97,97,97,97,97,97,97,97,97,97,97,97,97,97,97,97,97,97,97,97,97,NA
2350,Loyola Chicago,2350,2350,2350,2350,2350,2350,2350,2350,2350,2350,2350,2350,2350,2350,2350,2350,2350,2350,2350,2350,2350,2350,2350,8
2352,Loyola MD,2352,2352,2352,2352,2352,2352,2352,2352,2352,2352,2352,2352,2352,2352,2352,2352,2352,2352,2352,2352,2352,2352,2352,NA
2351,LMU,2351,2351,2351,2351,2351,2351,2351,2351,2351,2351,2351,2351,2351,2351,2351,2351,2351,2351,2351,2351,2351,2351,2351,NA
311,Maine,311,311,311,311,311,311,311,311,311,311,311,311,311,311,311,311,311,311,311,311,311,311,311,NA
2363,Manhattan,2363,2363,2363,2363,2363,2363,2363,2363,2363,2363,2363,2363,2363,2363,2363,2363,2363,2363,2363,2363,2363,2363,2363,NA
2368,Marist,2368,2368,2368,2368,2368,2368,2368,2368,2368,2368,2368,2368,2368,2368,2368,2368,2368,2368,2368,2368,2368,2368,2368,NA
269,Marquette,269,269,269,269,269,269,269,269,269,269,269,269,269,269,269,269,269,269,269,269,269,269,269,NA
276,Marshall,276,276,276,276,276,276,276,276,276,276,276,276,276,276,276,276,276,276,276,276,276,276,276,NA
120,Maryland,120,120,120,120,120,120,120,120,120,120,120,120,120,120,120,120,120,120,120,120,120,120,120,10
2379,MD-Eastern,2379,2379,2379,2379,2379,2379,2379,2379,2379,2379,2379,2379,2379,2379,2379,2379,2379,2379,2379,2379,2379,2379,2379,NA
2377,McNeese,2377,2377,2377,2377,2377,2377,2377,2377,2377,2377,2377,2377,2377,2377,2377,2377,2377,2377,2377,2377,2377,2377,2377,NA
235,Memphis,235,235,235,235,235,235,235,235,235,235,235,235,235,235,235,235,235,235,235,235,235,235,235,NA
2382,Mercer,2382,2382,2382,2382,2382,2382,2382,2382,2382,2382,2382,2382,2382,2382,2382,2382,2382,2382,2382,2382,2382,2382,2382,NA
2771,Merrimack,2771,2771,2771,2771,2771,2771,2771,2771,2771,2771,2771,2771,2771,2771,2771,2771,2771,2771,2771,2771,2771,2771,2771,NA
193,Miami OH,193,193,193,193,193,193,193,193,193,193,193,193,193,193,193,193,193,193,193,193,193,193,193,NA
2390,Miami,2390,2390,2390,2390,2390,2390,2390,2390,2390,2390,2390,2390,2390,2390,2390,2390,2390,2390,2390,2390,2390,2390,2390,NA
127,Michigan St,127,127,127,127,127,127,127,127,127,127,127,127,127,127,127,127,127,127,127,127,127,127,127,NA
130,Michigan,130,130,130,130,130,130,130,130,130,130,130,130,130,130,130,130,130,130,130,130,130,130,130,1
2393,MTSU,2393,2393,2393,2393,2393,2393,2393,2393,2393,2393,2393,2393,2393,2393,2393,2393,2393,2393,2393,2393,2393,2393,2393,NA
270,Milwaukee,270,270,270,270,270,270,270,270,270,270,270,270,270,270,270,270,270,270,270,270,270,270,270,NA
135,Minnesota,135,135,135,135,135,135,135,135,135,135,135,135,135,135,135,135,135,135,135,135,135,135,135,NA
344,Mississippi St,344,344,344,344,344,344,344,344,344,344,344,344,344,344,344,344,344,344,344,344,344,344,344,NA
2400,Miss Valley St,2400,2400,2400,2400,2400,2400,2400,2400,2400,2400,2400,2400,2400,2400,2400,2400,2400,2400,2400,2400,2400,2400,2400,NA
2623,Missouri St,2623,2623,2623,2623,2623,2623,2623,2623,2623,2623,2623,2623,2623,2623,2623,2623,2623,2623,2623,2623,2623,2623,2623,NA
142,Missouri,142,142,142,142,142,142,142,142,142,142,142,142,142,142,142,142,142,142,142,142,142,142,142,9
2405,Monmouth,2405,2405,2405,2405,2405,2405,2405,2405,2405,2405,2405,2405,2405,2405,2405,2405,2405,2405,2405,2405,2405,2405,2405,NA
149,Montana,149,149,149,149,149,149,149,149,149,149,149,149,149,149,149,149,149,149,149,149,149,149,149,NA
147,Montana St,147,147,147,147,147,147,147,147,147,147,147,147,147,147,147,147,147,147,147,147,147,147,147,NA
2413,Morehead St,2413,2413,2413,2413,2413,2413,2413,2413,2413,2413,2413,2413,2413,2413,2413,2413,2413,2413,2413,2413,2413,2413,2413,14
2415,Morgan St,2415,2415,2415,2415,2415,2415,2415,2415,2415,2415,2415,2415,2415,2415,2415,2415,2415,2415,2415,2415,2415,2415,2415,NA
116,Mount St Mary,116,116,116,116,116,116,116,116,116,116,116,116,116,116,116,116,116,116,116,116,116,116,116,NA
93,Murray St,93,93,93,93,93,93,93,93,93,93,93,93,93,93,93,93,93,93,93,93,93,93,93,NA
152,NC State,152,152,152,152,152,152,152,152,152,152,152,152,152,152,152,152,152,152,152,152,152,152,152,NA
2885,NJIT,2885,2885,2885,2885,2885,2885,2885,2885,2885,2885,2885,2885,2885,2885,2885,2885,2885,2885,2885,2885,2885,2885,2885,NA
2426,Navy,2426,2426,2426,2426,2426,2426,2426,2426,2426,2426,2426,2426,2426,2426,2426,2426,2426,2426,2426,2426,2426,2426,2426,NA
158,Nebraska,158,158,158,158,158,158,158,158,158,158,158,158,158,158,158,158,158,158,158,158,158,158,158,NA
2440,Nevada,2440,2440,2440,2440,2440,2440,2440,2440,2440,2440,2440,2440,2440,2440,2440,2440,2440,2440,2440,2440,2440,2440,2440,NA
160,New Hampshire,160,160,160,160,160,160,160,160,160,160,160,160,160,160,160,160,160,160,160,160,160,160,160,NA
167,New Mexico,167,167,167,167,167,167,167,167,167,167,167,167,167,167,167,167,167,167,167,167,167,167,167,NA
166,New Mexico St,166,166,166,166,166,166,166,166,166,166,166,166,166,166,166,166,166,166,166,166,166,166,166,NA
2443,New Orleans,2443,2443,2443,2443,2443,2443,2443,2443,2443,2443,2443,2443,2443,2443,2443,2443,2443,2443,2443,2443,2443,2443,2443,NA
315,Niagara,315,315,315,315,315,315,315,315,315,315,315,315,315,315,315,315,315,315,315,315,315,315,315,NA
2447,Nicholls,2447,2447,2447,2447,2447,2447,2447,2447,2447,2447,2447,2447,2447,2447,2447,2447,2447,2447,2447,2447,2447,2447,2447,NA
2450,Norfolk St,2450,2450,2450,2450,2450,2450,2450,2450,2450,2450,2450,2450,2450,2450,2450,2450,2450,2450,2450,2450,2450,2450,2450,16
2453,North Alabama,2453,2453,2453,2453,2453,2453,2453,2453,2453,2453,2453,2453,2453,2453,2453,2453,2453,2453,2453,2453,2453,2453,2453,NA
2448,NC A&T,2448,2448,2448,2448,2448,2448,2448,2448,2448,2448,2448,2448,2448,2448,2448,2448,2448,2448,2448,2448,2448,2448,2448,NA
2428,NC Central,2428,2428,2428,2428,2428,2428,2428,2428,2428,2428,2428,2428,2428,2428,2428,2428,2428,2428,2428,2428,2428,2428,2428,NA
153,North Carolina,153,153,153,153,153,153,153,153,153,153,153,153,153,153,153,153,153,153,153,153,153,153,153,8
155,North Dakota,155,155,155,155,155,155,155,155,155,155,155,155,155,155,155,155,155,155,155,155,155,155,155,NA
2449,N Dakota St,2449,2449,2449,2449,2449,2449,2449,2449,2449,2449,2449,2449,2449,2449,2449,2449,2449,2449,2449,2449,2449,2449,2449,NA
2454,North Florida,2454,2454,2454,2454,2454,2454,2454,2454,2454,2454,2454,2454,2454,2454,2454,2454,2454,2454,2454,2454,2454,2454,2454,NA
249,North Texas,249,249,249,249,249,249,249,249,249,249,249,249,249,249,249,249,249,249,249,249,249,249,249,13
111,Northeastern,111,111,111,111,111,111,111,111,111,111,111,111,111,111,111,111,111,111,111,111,111,111,111,NA
2464,N Arizona,2464,2464,2464,2464,2464,2464,2464,2464,2464,2464,2464,2464,2464,2464,2464,2464,2464,2464,2464,2464,2464,2464,2464,NA
2458,N Colorado,2458,2458,2458,2458,2458,2458,2458,2458,2458,2458,2458,2458,2458,2458,2458,2458,2458,2458,2458,2458,2458,2458,2458,NA
2459,N Illinois,2459,2459,2459,2459,2459,2459,2459,2459,2459,2459,2459,2459,2459,2459,2459,2459,2459,2459,2459,2459,2459,2459,2459,NA
2460,Northern Iowa,2460,2460,2460,2460,2460,2460,2460,2460,2460,2460,2460,2460,2460,2460,2460,2460,2460,2460,2460,2460,2460,2460,2460,NA
94,N Kentucky,94,94,94,94,94,94,94,94,94,94,94,94,94,94,94,94,94,94,94,94,94,94,94,NA
2466,N'Western St,2466,2466,2466,2466,2466,2466,2466,2466,2466,2466,2466,2466,2466,2466,2466,2466,2466,2466,2466,2466,2466,2466,2466,NA
77,Northwestern,77,77,77,77,77,77,77,77,77,77,77,77,77,77,77,77,77,77,77,77,77,77,77,NA
87,Notre Dame,87,87,87,87,87,87,87,87,87,87,87,87,87,87,87,87,87,87,87,87,87,87,87,NA
2473,Oakland,2473,2473,2473,2473,2473,2473,2473,2473,2473,2473,2473,2473,2473,2473,2473,2473,2473,2473,2473,2473,2473,2473,2473,NA
195,Ohio,195,195,195,195,195,195,195,195,195,195,195,195,195,195,195,195,195,195,195,195,195,195,195,13
194,Ohio State,194,194,194,194,194,194,194,194,194,194,194,194,194,194,194,194,194,194,194,194,194,194,194,2
201,Oklahoma,201,201,201,201,201,201,201,201,201,201,201,201,201,201,201,201,201,201,201,201,201,201,201,8
197,Oklahoma St,197,197,197,197,197,197,197,197,197,197,197,197,197,197,197,197,197,197,197,197,197,197,197,4
295,Old Dominion,295,295,295,295,295,295,295,295,295,295,295,295,295,295,295,295,295,295,295,295,295,295,295,NA
145,Ole Miss,145,145,145,145,145,145,145,145,145,145,145,145,145,145,145,145,145,145,145,145,145,145,145,NA
2437,Omaha,2437,2437,2437,2437,2437,2437,2437,2437,2437,2437,2437,2437,2437,2437,2437,2437,2437,2437,2437,2437,2437,2437,2437,NA
198,Oral Roberts,198,198,198,198,198,198,198,198,198,198,198,198,198,198,198,198,198,198,198,198,198,198,198,15
2483,Oregon,2483,2483,2483,2483,2483,2483,2483,2483,2483,2483,2483,2483,2483,2483,2483,2483,2483,2483,2483,2483,2483,2483,2483,7
204,Oregon St,204,204,204,204,204,204,204,204,204,204,204,204,204,204,204,204,204,204,204,204,204,204,204,12
279,Pacific,279,279,279,279,279,279,279,279,279,279,279,279,279,279,279,279,279,279,279,279,279,279,279,NA
213,Penn State,213,213,213,213,213,213,213,213,213,213,213,213,213,213,213,213,213,213,213,213,213,213,213,NA
219,Penn,219,219,219,219,219,219,219,219,219,219,219,219,219,219,219,219,219,219,219,219,219,219,219,NA
2492,Pepperdine,2492,2492,2492,2492,2492,2492,2492,2492,2492,2492,2492,2492,2492,2492,2492,2492,2492,2492,2492,2492,2492,2492,2492,NA
221,Pitt,221,221,221,221,221,221,221,221,221,221,221,221,221,221,221,221,221,221,221,221,221,221,221,NA
2501,Portland,2501,2501,2501,2501,2501,2501,2501,2501,2501,2501,2501,2501,2501,2501,2501,2501,2501,2501,2501,2501,2501,2501,2501,NA
2502,Portland St,2502,2502,2502,2502,2502,2502,2502,2502,2502,2502,2502,2502,2502,2502,2502,2502,2502,2502,2502,2502,2502,2502,2502,NA
2504,Prairie View,2504,2504,2504,2504,2504,2504,2504,2504,2504,2504,2504,2504,2504,2504,2504,2504,2504,2504,2504,2504,2504,2504,2504,NA
2506,Presbyterian,2506,2506,2506,2506,2506,2506,2506,2506,2506,2506,2506,2506,2506,2506,2506,2506,2506,2506,2506,2506,2506,2506,2506,NA
163,Princeton,163,163,163,163,163,163,163,163,163,163,163,163,163,163,163,163,163,163,163,163,163,163,163,NA
2507,Providence,2507,2507,2507,2507,2507,2507,2507,2507,2507,2507,2507,2507,2507,2507,2507,2507,2507,2507,2507,2507,2507,2507,2507,NA
2509,Purdue,2509,2509,2509,2509,2509,2509,2509,2509,2509,2509,2509,2509,2509,2509,2509,2509,2509,2509,2509,2509,2509,2509,2509,4
2870,Purdue FW,2870,2870,2870,2870,2870,2870,2870,2870,2870,2870,2870,2870,2870,2870,2870,2870,2870,2870,2870,2870,2870,2870,2870,NA
2514,Quinnipiac,2514,2514,2514,2514,2514,2514,2514,2514,2514,2514,2514,2514,2514,2514,2514,2514,2514,2514,2514,2514,2514,2514,2514,NA
2515,Radford,2515,2515,2515,2515,2515,2515,2515,2515,2515,2515,2515,2515,2515,2515,2515,2515,2515,2515,2515,2515,2515,2515,2515,NA
227,Rhode Island,227,227,227,227,227,227,227,227,227,227,227,227,227,227,227,227,227,227,227,227,227,227,227,NA
242,Rice,242,242,242,242,242,242,242,242,242,242,242,242,242,242,242,242,242,242,242,242,242,242,242,NA
257,Richmond,257,257,257,257,257,257,257,257,257,257,257,257,257,257,257,257,257,257,257,257,257,257,257,NA
2520,Rider,2520,2520,2520,2520,2520,2520,2520,2520,2520,2520,2520,2520,2520,2520,2520,2520,2520,2520,2520,2520,2520,2520,2520,NA
2523,Robert Morris,2523,2523,2523,2523,2523,2523,2523,2523,2523,2523,2523,2523,2523,2523,2523,2523,2523,2523,2523,2523,2523,2523,2523,NA
164,Rutgers,164,164,164,164,164,164,164,164,164,164,164,164,164,164,164,164,164,164,164,164,164,164,164,10
2545,SE Louisiana,2545,2545,2545,2545,2545,2545,2545,2545,2545,2545,2545,2545,2545,2545,2545,2545,2545,2545,2545,2545,2545,2545,2545,NA
2565,SIUE,2565,2565,2565,2565,2565,2565,2565,2565,2565,2565,2565,2565,2565,2565,2565,2565,2565,2565,2565,2565,2565,2565,2565,NA
2567,SMU,2567,2567,2567,2567,2567,2567,2567,2567,2567,2567,2567,2567,2567,2567,2567,2567,2567,2567,2567,2567,2567,2567,2567,NA
16,Sacramento St,16,16,16,16,16,16,16,16,16,16,16,16,16,16,16,16,16,16,16,16,16,16,16,NA
2529,Sacred Heart,2529,2529,2529,2529,2529,2529,2529,2529,2529,2529,2529,2529,2529,2529,2529,2529,2529,2529,2529,2529,2529,2529,2529,NA
2603,Saint Joseph's,2603,2603,2603,2603,2603,2603,2603,2603,2603,2603,2603,2603,2603,2603,2603,2603,2603,2603,2603,2603,2603,2603,2603,NA
139,Saint Louis,139,139,139,139,139,139,139,139,139,139,139,139,139,139,139,139,139,139,139,139,139,139,139,NA
2608,Saint Mary's,2608,2608,2608,2608,2608,2608,2608,2608,2608,2608,2608,2608,2608,2608,2608,2608,2608,2608,2608,2608,2608,2608,2608,NA
2612,Saint Peter's,2612,2612,2612,2612,2612,2612,2612,2612,2612,2612,2612,2612,2612,2612,2612,2612,2612,2612,2612,2612,2612,2612,2612,NA
2534,Sam Houston,2534,2534,2534,2534,2534,2534,2534,2534,2534,2534,2534,2534,2534,2534,2534,2534,2534,2534,2534,2534,2534,2534,2534,NA
2535,Samford,2535,2535,2535,2535,2535,2535,2535,2535,2535,2535,2535,2535,2535,2535,2535,2535,2535,2535,2535,2535,2535,2535,2535,NA
21,San Diego St,21,21,21,21,21,21,21,21,21,21,21,21,21,21,21,21,21,21,21,21,21,21,21,6
301,San Diego,301,301,301,301,301,301,301,301,301,301,301,301,301,301,301,301,301,301,301,301,301,301,301,NA
2539,San Francisco,2539,2539,2539,2539,2539,2539,2539,2539,2539,2539,2539,2539,2539,2539,2539,2539,2539,2539,2539,2539,2539,2539,2539,NA
23,San José St,23,23,23,23,23,23,23,23,23,23,23,23,23,23,23,23,23,23,23,23,23,23,23,NA
2541,Santa Clara,2541,2541,2541,2541,2541,2541,2541,2541,2541,2541,2541,2541,2541,2541,2541,2541,2541,2541,2541,2541,2541,2541,2541,NA
2547,Seattle U,2547,2547,2547,2547,2547,2547,2547,2547,2547,2547,2547,2547,2547,2547,2547,2547,2547,2547,2547,2547,2547,2547,2547,NA
2550,Seton Hall,2550,2550,2550,2550,2550,2550,2550,2550,2550,2550,2550,2550,2550,2550,2550,2550,2550,2550,2550,2550,2550,2550,2550,NA
2561,Siena,2561,2561,2561,2561,2561,2561,2561,2561,2561,2561,2561,2561,2561,2561,2561,2561,2561,2561,2561,2561,2561,2561,2561,NA
6,South Alabama,6,6,6,6,6,6,6,6,6,6,6,6,6,6,6,6,6,6,6,6,6,6,6,NA
2579,South Carolina,2579,2579,2579,2579,2579,2579,2579,2579,2579,2579,2579,2579,2579,2579,2579,2579,2579,2579,2579,2579,2579,2579,2579,NA
2569,SC State,2569,2569,2569,2569,2569,2569,2569,2569,2569,2569,2569,2569,2569,2569,2569,2569,2569,2569,2569,2569,2569,2569,2569,NA
2908,SC Upstate,2908,2908,2908,2908,2908,2908,2908,2908,2908,2908,2908,2908,2908,2908,2908,2908,2908,2908,2908,2908,2908,2908,2908,NA
233,South Dakota,233,233,233,233,233,233,233,233,233,233,233,233,233,233,233,233,233,233,233,233,233,233,233,NA
2571,S Dakota St,2571,2571,2571,2571,2571,2571,2571,2571,2571,2571,2571,2571,2571,2571,2571,2571,2571,2571,2571,2571,2571,2571,2571,NA
58,South Florida,58,58,58,58,58,58,58,58,58,58,58,58,58,58,58,58,58,58,58,58,58,58,58,NA
2546,SE Missouri St,2546,2546,2546,2546,2546,2546,2546,2546,2546,2546,2546,2546,2546,2546,2546,2546,2546,2546,2546,2546,2546,2546,2546,NA
79,S Illinois,79,79,79,79,79,79,79,79,79,79,79,79,79,79,79,79,79,79,79,79,79,79,79,NA
2582,Southern,2582,2582,2582,2582,2582,2582,2582,2582,2582,2582,2582,2582,2582,2582,2582,2582,2582,2582,2582,2582,2582,2582,2582,NA
2572,Southern Miss,2572,2572,2572,2572,2572,2572,2572,2572,2572,2572,2572,2572,2572,2572,2572,2572,2572,2572,2572,2572,2572,2572,2572,NA
253,Southern Utah,253,253,253,253,253,253,253,253,253,253,253,253,253,253,253,253,253,253,253,253,253,253,253,NA
179,St Bonaventure,179,179,179,179,179,179,179,179,179,179,179,179,179,179,179,179,179,179,179,179,179,179,179,9
2598,St Francis PA,2598,2598,2598,2598,2598,2598,2598,2598,2598,2598,2598,2598,2598,2598,2598,2598,2598,2598,2598,2598,2598,2598,2598,NA
2597,St Francis BK,2597,2597,2597,2597,2597,2597,2597,2597,2597,2597,2597,2597,2597,2597,2597,2597,2597,2597,2597,2597,2597,2597,2597,NA
2599,St John's,2599,2599,2599,2599,2599,2599,2599,2599,2599,2599,2599,2599,2599,2599,2599,2599,2599,2599,2599,2599,2599,2599,2599,NA
2900,St Thomas (MN),2900,2900,2900,2900,2900,2900,2900,2900,2900,2900,2900,2900,2900,2900,2900,2900,2900,2900,2900,2900,2900,2900,2900,NA
24,Stanford,24,24,24,24,24,24,24,24,24,24,24,24,24,24,24,24,24,24,24,24,24,24,24,NA
2617,SF Austin,2617,2617,2617,2617,2617,2617,2617,2617,2617,2617,2617,2617,2617,2617,2617,2617,2617,2617,2617,2617,2617,2617,2617,NA
56,Stetson,56,56,56,56,56,56,56,56,56,56,56,56,56,56,56,56,56,56,56,56,56,56,56,NA
284,Stonehill,284,284,284,284,284,284,284,284,284,284,284,284,284,284,284,284,284,284,284,284,284,284,284,NA
2619,Stony Brook,2619,2619,2619,2619,2619,2619,2619,2619,2619,2619,2619,2619,2619,2619,2619,2619,2619,2619,2619,2619,2619,2619,2619,NA
183,Syracuse,183,183,183,183,183,183,183,183,183,183,183,183,183,183,183,183,183,183,183,183,183,183,183,11
2628,TCU,2628,2628,2628,2628,2628,2628,2628,2628,2628,2628,2628,2628,2628,2628,2628,2628,2628,2628,2628,2628,2628,2628,2628,NA
2627,Tarleton,2627,2627,2627,2627,2627,2627,2627,2627,2627,2627,2627,2627,2627,2627,2627,2627,2627,2627,2627,2627,2627,2627,2627,NA
218,Temple,218,218,218,218,218,218,218,218,218,218,218,218,218,218,218,218,218,218,218,218,218,218,218,NA
2634,Tennessee St,2634,2634,2634,2634,2634,2634,2634,2634,2634,2634,2634,2634,2634,2634,2634,2634,2634,2634,2634,2634,2634,2634,2634,NA
2635,Tennessee Tech,2635,2635,2635,2635,2635,2635,2635,2635,2635,2635,2635,2635,2635,2635,2635,2635,2635,2635,2635,2635,2635,2635,2635,NA
2633,Tennessee,2633,2633,2633,2633,2633,2633,2633,2633,2633,2633,2633,2633,2633,2633,2633,2633,2633,2633,2633,2633,2633,2633,2633,5
245,Texas A&M,245,245,245,245,245,245,245,245,245,245,245,245,245,245,245,245,245,245,245,245,245,245,245,NA
2837,Texas A&M-Comm,2837,2837,2837,2837,2837,2837,2837,2837,2837,2837,2837,2837,2837,2837,2837,2837,2837,2837,2837,2837,2837,2837,2837,NA
357,Texas A&M-CC,357,357,357,357,357,357,357,357,357,357,357,357,357,357,357,357,357,357,357,357,357,357,357,NA
251,Texas,251,251,251,251,251,251,251,251,251,251,251,251,251,251,251,251,251,251,251,251,251,251,251,3
2640,Texas Southern,2640,2640,2640,2640,2640,2640,2640,2640,2640,2640,2640,2640,2640,2640,2640,2640,2640,2640,2640,2640,2640,2640,2640,16
326,Texas St,326,326,326,326,326,326,326,326,326,326,326,326,326,326,326,326,326,326,326,326,326,326,326,NA
2641,Texas Tech,2641,2641,2641,2641,2641,2641,2641,2641,2641,2641,2641,2641,2641,2641,2641,2641,2641,2641,2641,2641,2641,2641,2641,6
2643,The Citadel,2643,2643,2643,2643,2643,2643,2643,2643,2643,2643,2643,2643,2643,2643,2643,2643,2643,2643,2643,2643,2643,2643,2643,NA
2649,Toledo,2649,2649,2649,2649,2649,2649,2649,2649,2649,2649,2649,2649,2649,2649,2649,2649,2649,2649,2649,2649,2649,2649,2649,NA
119,Towson,119,119,119,119,119,119,119,119,119,119,119,119,119,119,119,119,119,119,119,119,119,119,119,NA
2653,Troy,2653,2653,2653,2653,2653,2653,2653,2653,2653,2653,2653,2653,2653,2653,2653,2653,2653,2653,2653,2653,2653,2653,2653,NA
2655,Tulane,2655,2655,2655,2655,2655,2655,2655,2655,2655,2655,2655,2655,2655,2655,2655,2655,2655,2655,2655,2655,2655,2655,2655,NA
202,Tulsa,202,202,202,202,202,202,202,202,202,202,202,202,202,202,202,202,202,202,202,202,202,202,202,NA
5,UAB,5,5,5,5,5,5,5,5,5,5,5,5,5,5,5,5,5,5,5,5,5,5,5,NA
302,UC Davis,302,302,302,302,302,302,302,302,302,302,302,302,302,302,302,302,302,302,302,302,302,302,302,NA
300,UC Irvine,300,300,300,300,300,300,300,300,300,300,300,300,300,300,300,300,300,300,300,300,300,300,300,NA
27,UC Riverside,27,27,27,27,27,27,27,27,27,27,27,27,27,27,27,27,27,27,27,27,27,27,27,NA
28,UC San Diego,28,28,28,28,28,28,28,28,28,28,28,28,28,28,28,28,28,28,28,28,28,28,28,NA
2540,UCSB,2540,2540,2540,2540,2540,2540,2540,2540,2540,2540,2540,2540,2540,2540,2540,2540,2540,2540,2540,2540,2540,2540,2540,12
2116,UCF,2116,2116,2116,2116,2116,2116,2116,2116,2116,2116,2116,2116,2116,2116,2116,2116,2116,2116,2116,2116,2116,2116,2116,NA
26,UCLA,26,26,26,26,26,26,26,26,26,26,26,26,26,26,26,26,26,26,26,26,26,26,26,11
41,UConn,41,41,41,41,41,41,41,41,41,41,41,41,41,41,41,41,41,41,41,41,41,41,41,7
82,UIC,82,82,82,82,82,82,82,82,82,82,82,82,82,82,82,82,82,82,82,82,82,82,82,NA
2433,UL Monroe,2433,2433,2433,2433,2433,2433,2433,2433,2433,2433,2433,2433,2433,2433,2433,2433,2433,2433,2433,2433,2433,2433,2433,NA
2378,UMBC,2378,2378,2378,2378,2378,2378,2378,2378,2378,2378,2378,2378,2378,2378,2378,2378,2378,2378,2378,2378,2378,2378,2378,NA
2349,UMass Lowell,2349,2349,2349,2349,2349,2349,2349,2349,2349,2349,2349,2349,2349,2349,2349,2349,2349,2349,2349,2349,2349,2349,2349,NA
113,UMass,113,113,113,113,113,113,113,113,113,113,113,113,113,113,113,113,113,113,113,113,113,113,113,NA
2427,UNC Asheville,2427,2427,2427,2427,2427,2427,2427,2427,2427,2427,2427,2427,2427,2427,2427,2427,2427,2427,2427,2427,2427,2427,2427,NA
2430,UNC Greensboro,2430,2430,2430,2430,2430,2430,2430,2430,2430,2430,2430,2430,2430,2430,2430,2430,2430,2430,2430,2430,2430,2430,2430,13
350,UNC Wilmington,350,350,350,350,350,350,350,350,350,350,350,350,350,350,350,350,350,350,350,350,350,350,350,NA
2439,UNLV,2439,2439,2439,2439,2439,2439,2439,2439,2439,2439,2439,2439,2439,2439,2439,2439,2439,2439,2439,2439,2439,2439,2439,NA
30,USC,30,30,30,30,30,30,30,30,30,30,30,30,30,30,30,30,30,30,30,30,30,30,30,6
250,UT Arlington,250,250,250,250,250,250,250,250,250,250,250,250,250,250,250,250,250,250,250,250,250,250,250,NA
2630,UT Martin,2630,2630,2630,2630,2630,2630,2630,2630,2630,2630,2630,2630,2630,2630,2630,2630,2630,2630,2630,2630,2630,2630,2630,NA
292,UT Rio Grande,292,292,292,292,292,292,292,292,292,292,292,292,292,292,292,292,292,292,292,292,292,292,292,NA
2638,UTEP,2638,2638,2638,2638,2638,2638,2638,2638,2638,2638,2638,2638,2638,2638,2638,2638,2638,2638,2638,2638,2638,2638,2638,NA
2636,UTSA,2636,2636,2636,2636,2636,2636,2636,2636,2636,2636,2636,2636,2636,2636,2636,2636,2636,2636,2636,2636,2636,2636,2636,NA
328,Utah State,328,328,328,328,328,328,328,328,328,328,328,328,328,328,328,328,328,328,328,328,328,328,328,11
3101,Utah Tech,3101,3101,3101,3101,3101,3101,3101,3101,3101,3101,3101,3101,3101,3101,3101,3101,3101,3101,3101,3101,3101,3101,3101,NA
254,Utah,254,254,254,254,254,254,254,254,254,254,254,254,254,254,254,254,254,254,254,254,254,254,254,NA
3084,Utah Valley,3084,3084,3084,3084,3084,3084,3084,3084,3084,3084,3084,3084,3084,3084,3084,3084,3084,3084,3084,3084,3084,3084,3084,NA
2670,VCU,2670,2670,2670,2670,2670,2670,2670,2670,2670,2670,2670,2670,2670,2670,2670,2670,2670,2670,2670,2670,2670,2670,2670,10
2678,VMI,2678,2678,2678,2678,2678,2678,2678,2678,2678,2678,2678,2678,2678,2678,2678,2678,2678,2678,2678,2678,2678,2678,2678,NA
2674,Valparaiso,2674,2674,2674,2674,2674,2674,2674,2674,2674,2674,2674,2674,2674,2674,2674,2674,2674,2674,2674,2674,2674,2674,2674,NA
238,Vanderbilt,238,238,238,238,238,238,238,238,238,238,238,238,238,238,238,238,238,238,238,238,238,238,238,NA
261,Vermont,261,261,261,261,261,261,261,261,261,261,261,261,261,261,261,261,261,261,261,261,261,261,261,NA
222,Villanova,222,222,222,222,222,222,222,222,222,222,222,222,222,222,222,222,222,222,222,222,222,222,222,5
258,Virginia,258,258,258,258,258,258,258,258,258,258,258,258,258,258,258,258,258,258,258,258,258,258,258,4
259,Virginia Tech,259,259,259,259,259,259,259,259,259,259,259,259,259,259,259,259,259,259,259,259,259,259,259,10
2681,Wagner,2681,2681,2681,2681,2681,2681,2681,2681,2681,2681,2681,2681,2681,2681,2681,2681,2681,2681,2681,2681,2681,2681,2681,NA
154,Wake Forest,154,154,154,154,154,154,154,154,154,154,154,154,154,154,154,154,154,154,154,154,154,154,154,NA
264,Washington,264,264,264,264,264,264,264,264,264,264,264,264,264,264,264,264,264,264,264,264,264,264,264,NA
265,Washington St,265,265,265,265,265,265,265,265,265,265,265,265,265,265,265,265,265,265,265,265,265,265,265,NA
2692,Weber St,2692,2692,2692,2692,2692,2692,2692,2692,2692,2692,2692,2692,2692,2692,2692,2692,2692,2692,2692,2692,2692,2692,2692,NA
277,West Virginia,277,277,277,277,277,277,277,277,277,277,277,277,277,277,277,277,277,277,277,277,277,277,277,3
2717,W Carolina,2717,2717,2717,2717,2717,2717,2717,2717,2717,2717,2717,2717,2717,2717,2717,2717,2717,2717,2717,2717,2717,2717,2717,NA
2710,W Illinois,2710,2710,2710,2710,2710,2710,2710,2710,2710,2710,2710,2710,2710,2710,2710,2710,2710,2710,2710,2710,2710,2710,2710,NA
98,Western KY,98,98,98,98,98,98,98,98,98,98,98,98,98,98,98,98,98,98,98,98,98,98,98,NA
2711,W Michigan,2711,2711,2711,2711,2711,2711,2711,2711,2711,2711,2711,2711,2711,2711,2711,2711,2711,2711,2711,2711,2711,2711,2711,NA
2724,Wichita St,2724,2724,2724,2724,2724,2724,2724,2724,2724,2724,2724,2724,2724,2724,2724,2724,2724,2724,2724,2724,2724,2724,2724,NA
2729,William & Mary,2729,2729,2729,2729,2729,2729,2729,2729,2729,2729,2729,2729,2729,2729,2729,2729,2729,2729,2729,2729,2729,2729,2729,NA
2737,Winthrop,2737,2737,2737,2737,2737,2737,2737,2737,2737,2737,2737,2737,2737,2737,2737,2737,2737,2737,2737,2737,2737,2737,2737,12
275,Wisconsin,275,275,275,275,275,275,275,275,275,275,275,275,275,275,275,275,275,275,275,275,275,275,275,9
2747,Wofford,2747,2747,2747,2747,2747,2747,2747,2747,2747,2747,2747,2747,2747,2747,2747,2747,2747,2747,2747,2747,2747,2747,2747,NA
2750,Wright St,2750,2750,2750,2750,2750,2750,2750,2750,2750,2750,2750,2750,2750,2750,2750,2750,2750,2750,2750,2750,2750,2750,2750,NA
2751,Wyoming,2751,2751,2751,2751,2751,2751,2751,2751,2751,2751,2751,2751,2751,2751,2751,2751,2751,2751,2751,2751,2751,2751,2751,NA
2752,Xavier,2752,2752,2752,2752,2752,2752,2752,2752,2752,2752,2752,2752,2752,2752,2752,2752,2752,2752,2752,2752,2752,2752,2752,NA
43,Yale,43,43,43,43,43,43,43,43,43,43,43,43,43,43,43,43,43,43,43,43,43,43,43,NA
2754,Youngstown St,2754,2754,2754,2754,2754,2754,2754,2754,2754,2754,2754,2754,2754,2754,2754,2754,2754,2754,2754,2754,2754,2754,2754,NA
